NameOfArt,PicturePath,TrueArt,False1Art,False2Art
Адам и Ева. Потерянный Рай,images\Адам и Ева. Потерянный Рай.jpg,ПОПОВ Павел,ШМАРИН Дмитрий,СВЕТОСЛАВСКИЙ Сергей
Богатыри ,images\Богатыри .jpg,ВАСНЕЦОВ Виктор,САВРАСОВ Алексей,ЛЕВИТАН Исаак
Русская Венера,images\Русская Венера.jpg,КУСТОДИЕВ Борис,КЛЕВЕР Юлий,ЛЕВИЦКИЙ Дмитрий
Грачи прилетели,images\Грачи прилетели.jpg,САВРАСОВ Алексей,РОКОТОВ Фёдор,МАКОВСКИЙ Константин
Утро в сосновом лесу,images\Утро в сосновом лесу.jpg,ШИШКИН Иван,КАМЕНЕВ Валериан,ТРУТОВСКИЙ Константин
Алёнушка,images\Алёнушка.jpg,ВАСНЕЦОВ Виктор,ОЛЬШАНСКИЙ Борис,АНТРОПОВ Алексей
Над вечным покоем,images\Над вечным покоем.jpg,ЛЕВИТАН Исаак,ДМИТРИЕВ-ОРЕНБУРГСКИЙ Николай,ВАСНЕЦОВ Аполлинарий
Девочка с персиками,images\Девочка с персиками.jpg,СЕРОВ Валентин,ЖУРАВЛЁВ Фирс,ВОРОБЬЕВ Максим
Девушка в платке,images\Девушка в платке.jpg,ВЕНЕЦИАНОВ Алексей,КАМЕНЕВ Лев,КРЫЖИЦКИЙ Константин
Девушка в костюме Флоры,images\Девушка в костюме Флоры.jpg,МАКОВСКИЙ Константин,ДУБОВСКОЙ Николай,ЛЕБЕДЕВ Клавдий
Адам и Ева. Грехопадение,images\Адам и Ева. Грехопадение.jpg,ПОПОВ Павел,РЕПИН Илья,РЕМНЁВ Андрей
Девятый вал,images\Девятый вал.jpg,АЙВАЗОВСКИЙ Иван,БРОННИКОВ Фёдор,КИСЕЛЕВ Александр
Золотая осень,images\Золотая осень.jpg,ПОЛЕНОВ Василий,ГРИБКОВ Сергей,КУСТОДИЕВ Борис
Охотники на привале,images\Охотники на привале.jpg,ПЕРОВ Василий,НИКИТИН Иван,МАКАРОВ Иван
Закат солнца зимой,images\Закат солнца зимой.jpg,КЛЕВЕР Юлий,ВЕРЕЩАГИН Василий,АЙВАЗОВСКИЙ Иван
Варька,images\Варька.jpg,ЛЕМОХ Карл,ВЕРЕЩАГИН Василий,АЙВАЗОВСКИЙ Иван
Портрет Марии Ивановны Ло…,images\Портрет Марии Ивановны Ло….jpg,БОРОВИКОВСКИЙ Владимир,ИВАНОВ Сергей,НЕСТЕРОВ Михаил
Золотая осень,images\Золотая осень.jpg,ЛЕВИТАН Исаак,ЭГГИНК Иван,РУБО Франц
Бурлаки на Волге,images\Бурлаки на Волге.jpg,РЕПИН Илья,БРЮЛЛОВ Карл,ЛИССНЕР Эрнст
"Сусанна, застигнутая старцами в купал…","images\Сусанна, застигнутая старцами в купал….jpg",БАСИН Пётр,ВЕНЕЦИАНОВ Алексей,АЙВАЗОВСКИЙ Иван
"Дети, бегущие от грозы","images\Дети, бегущие от грозы.jpg",МАКОВСКИЙ Константин,ВЕРЕЩАГИН Василий,ВАСНЕЦОВ Аполлинарий
«На севере диком…»,images\«На севере диком…».jpg,ШИШКИН Иван,КРЫЛОВ Никифор,ГОРБАТОВ Константин
Портрет Елены Александров…,images\Портрет Елены Александров….jpg,БОРОВИКОВСКИЙ Владимир,"РУБО, Франц",КЛОДТ Михаил
Красавица. 1915,images\Красавица. 1915.jpg,КУСТОДИЕВ Борис,БОГОЛЮБОВ Алексей,КРЫЖИЦКИЙ Константин
Всадница. 1832,images\Всадница. 1832.jpg,БРЮЛЛОВ Карл,БОГОЛЮБОВ Алексей,КУЛИКОВ Иван
Дорога во ржи,images\Дорога во ржи.jpg,ШИШКИН Иван,ГОЛОВИН Александр,ПИМОНЕНКО Николай
Лето,images\Лето.jpg,ЛЕВИТАН Исаак,МАКОВСКИЙ Константин,СЕМИРАДСКИЙ Генрих
Цветы и плоды ГТГ,images\Цветы и плоды ГТГ.jpg,Хруцкий Иван,ТОНЧИ Сальватор,МАКСИМОВ Василий
Вирсавия,images\Вирсавия.jpg,БРЮЛЛОВ Карл,БОРОВИКОВСКИЙ Владимир,ШИШКИН Иван
Спящая царевна,images\Спящая царевна.jpg,ВАСНЕЦОВ Виктор,ГЕРМАШЕВ Михаил,АЙВАЗОВСКИЙ Иван
Корабельная роща,images\Корабельная роща.jpg,ШИШКИН Иван,КИПРЕНСКИЙ Орест,МАКСИМОВ Алексей
Девушка с горшком роз. 1850,images\Девушка с горшком роз. 1850.jpg,ТРОПИНИН Василий,ВАСИЛЬКОВСКИЙ Сергей,ШИЛЬДЕР Андрей
Олечка,images\Олечка.jpg,ГЛАЗУНОВ Иван,СЕРГЕЕВ Николай,КОРЗУХИН Алексей
Боярышня,images\Боярышня.jpg,МАКОВСКИЙ Константин,МИЛОРАДОВИЧ Сергей,СЕМИРАДСКИЙ Генрих
Садко,images\Садко.jpg,РЕПИН Илья,МАКОВСКИЙ Константин,ТРОПИНИН Василий
Итальянский полдень,images\Итальянский полдень.jpg,БРЮЛЛОВ Карл,ПИМОНЕНКО Николай,КЛОДТ Михаил
Апофеоз войны,images\Апофеоз войны.jpg,ВЕРЕЩАГИН Василий,РОСЛИН Александр,ЛЕВИЦКИЙ Дмитрий
Закат,images\Закат.jpg,РЫЛОВ Аркадий,ГРУЗИНСКИЙ Пётр,МАТВЕЕВ Николай
Девочка с гусями,images\Девочка с гусями.jpg,МАКОВСКИЙ Владимир,МЯСОЕДОВ Григорий,ШИШКИН Иван
«Русский реквием»,images\«Русский реквием».jpg,ОЛЬШАНСКИЙ Борис,ВРУБЕЛЬ Михаил,АЙВАЗОВСКИЙ Иван
Ковёр-самолёт,images\Ковёр-самолёт.jpg,ВАСНЕЦОВ Виктор,ДУБОВСКОЙ Николай,МОНЬЕ Жан Лоран
Святочное гадание,images\Святочное гадание.jpg,ПИМОНЕНКО Николай,КУИНДЖИ Архип,ШИШКИН Иван
За чаем,images\За чаем.jpg,МАКОВСКИЙ Константин,МАКОВСКИЙ Константин,МЕЩЕРСКИЙ Арсений
"Бриг «Меркурий», атакованный дв…","images\Бриг «Меркурий», атакованный дв….jpg",АЙВАЗОВСКИЙ Иван,МАТОРИН Виктор,КЛЕВЕР Юлий
Боярыня Морозова,images\Боярыня Морозова.jpg,СУРИКОВ Василий,ЛЕБЕДЕВ Клавдий,ЛАГОРИО Лев
Берегиня,images\Берегиня.jpg,ОЛЬШАНСКИЙ Борис,МАКОВСКИЙ Константин,НЕФФ Тимофей
Золотая осень,images\Золотая осень.jpg,ОСТРОУХОВ Илья,КЛЕВЕР Юлий,КОЛЕСНИКОВ Степан
Зимний закат в еловом лесу,images\Зимний закат в еловом лесу.jpg,КЛЕВЕР Юлий,БРЮЛЛОВ Карл,МАКСИМОВ Василий
Последний день Помпеи,images\Последний день Помпеи.jpg,БРЮЛЛОВ Карл,ХРУЦКИЙ Иван,ГЛАЗУНОВ Иван
Выбор невесты царём Алексеем Миха…,images\Выбор невесты царём Алексеем Миха….jpg,СЕДОВ Григорий,МАКОВСКИЙ Владимир,ЗАРУБИН Виктор
Лунная ночь на Днепре,images\Лунная ночь на Днепре.jpg,КУИНДЖИ Архип,ЯКОВЛЕВ Василий,МОРОЗОВ Александр
Семья художника,images\Семья художника.jpg,ГЛАЗУНОВ Иван,ЛЕВИТАН Исаак,СОКОЛОВ Иван
Купчиха за чаем,images\Купчиха за чаем.jpg,КУСТОДИЕВ Борис,ПЕРОВ Василий,ГРИГОРЬЕВ Борис
Лилии. Ненюфары,images\Лилии. Ненюфары.jpg,ЛЕВИТАН Исаак,БРЮЛЛОВ Карл,КОРЗУХИН Алексей
Зима,images\Зима.jpg,КОРОВИН Константин,САВРАСОВ Алексей,ИВАНОВ Александр
Озеро. Русь,images\Озеро. Русь.jpg,ЛЕВИТАН Исаак,ВЕНЕЦИАНОВ Алексей,КРЫЖИЦКИЙ Константин
Белая Россия. Исход,images\Белая Россия. Исход.jpg,БЕЛЮКИН Дмитрий,ТРОПИНИН Василий,ШИЛЬДЕР Андрей
Ученицы,images\Ученицы.jpg,БОГДАНОВ-БЕЛЬСКИЙ Николай,СЕРГЕЕВ Николай,ШИШКИН Иван
Летний пейзаж,images\Летний пейзаж.jpg,СЕРГЕЕВ Николай,БОГДАНОВ-БЕЛЬСКИЙ Николай,САВРАСОВ Алексей
Алёша Попович и Елена Краса,images\Алёша Попович и Елена Краса.jpg,ОЛЬШАНСКИЙ Борис,КУИНДЖИ Архип,ШИЛЬДЕР Андрей
Явление Христа народу,images\Явление Христа народу.jpg,ИВАНОВ Александр,КРЫЖИЦКИЙ Константин,НЕСТЕРОВ Михаил
Украинская ночь. Зима,images\Украинская ночь. Зима.jpg,ВЕЛЬЦ Иван,НИКИТИН Иван,САВИЦКИЙ Константин
Фортуна и нищий,images\Фортуна и нищий.jpg,МАРКОВ Алексей,ВАСНЕЦОВ Виктор,КРЫЖИЦКИЙ Константин
Всё в прошлом,images\Всё в прошлом.jpg,МАКСИМОВ Василий,РЕПИН Илья,РЕПИН Илья
Радуга,images\Радуга.jpg,КУИНДЖИ Архип,ЛЕВИТАН Исаак,ПРЯНИШНИКОВ Илларион
Берёзовая роща,images\Берёзовая роща.jpg,ЛЕВИТАН Исаак,ФЕЛИЦЫН Ростислав,АЛЕКСЕЕВ Фёдор
Новая сказка,images\Новая сказка.jpg,БОГДАНОВ-БЕЛЬСКИЙ Николай,ЕНДОГУРОВ Иван,ГОРЮШКИН-СОРОКОПУДОВ Иван
В праздник,images\В праздник.jpg,КУЗНЕЦОВ Николай,КЛЕВЕР Юлий,ГОРЮШКИН-СОРОКОПУДОВ Иван
Сватовство майора,images\Сватовство майора.jpg,ФЕДОТОВ Павел,ШТЕРНБЕРГ Василий,РЕПИН Илья
Бахчисарайский фонтан,images\Бахчисарайский фонтан.jpg,БРЮЛЛОВ Карл,КОРОВИН Сергей,ВАСНЕЦОВ Аполлинарий
Боярышня у окна,images\Боярышня у окна.jpg,МАКОВСКИЙ Константин,ВРУБЕЛЬ Михаил,ЛЕВИЦКИЙ Дмитрий
Святой благоверный великий Москов…,images\Святой благоверный великий Москов….jpg,МАТОРИН Виктор,БРЮЛЛОВ Карл,РЯБУШКИН Андрей
Петр I на смертном ложе,images\Петр I на смертном ложе.jpg,НИКИТИН Иван,КОЛЕСНИКОВ Степан,СЕМИРАДСКИЙ Генрих
За расчётом,images\За расчётом.jpg,БОГДАНОВ Иван,МАКСИМОВ Василий,ВАСНЕЦОВ Аполлинарий
Деревня,images\Деревня.jpg,ВАСИЛЬЕВ Фёдор,ВАСНЕЦОВ Аполлинарий,ДУБОВСКОЙ Николай
Портрет детей художника,images\Портрет детей художника.jpg,МАКОВСКИЙ Константин,ПОЛЕНОВ Василий,РУБО Франц
«Разделение косы»,images\«Разделение косы».jpg,РЕМНЁВ Андрей,НИКИТИН Иван,СТЕПАНОВ Алексей
Зима. 1916,images\Зима. 1916.jpg,КУСТОДИЕВ Борис,КАРНЕЕВ Аким,АНОХИН Николай
Молодой садовник. 1817,images\Молодой садовник. 1817.jpg,КИПРЕНСКИЙ Орест,Врубель Михаил,СУДКОВСКИЙ Руфин
Прощание,images\Прощание.jpg,АЙВАЗОВСКИЙ Иван,НЕВРЕВ Николай,МАКАРОВ Иван
Портрет императрицы Александ…,images\Портрет императрицы Александ….jpg,МАКОВСКИЙ Александр,ЛИПГАРТ Эрнест,АЙВАЗОВСКИЙ Иван
Московский дворик,images\Московский дворик.jpg,ПОЛЕНОВ Василий,РЕМНЁВ Андрей,ВЕНЕЦИАНОВ Алексей
Рожь,images\Рожь.jpg,САВРАСОВ Алексей,АРГУНОВ Иван,БРЮЛЛОВ Карл
Купание,images\Купание.jpg,КУСТОДИЕВ Борис,ИВАНОВ Антон,КЛЕВЕР Юлий
Бабушкин сад,images\Бабушкин сад.jpg,ПОЛЕНОВ Василий,КЛЕВЕР Юлий,КОРЗУХИН Алексей
Берёзовая роща,images\Берёзовая роща.jpg,КУИНДЖИ Архип,КЛЕВЕР Юлий,МЯСОЕДОВ Григорий
Русская красавица,images\Русская красавица.jpg,МАКОВСКИЙ Константин,ВАСИЛЬЕВ Фёдор,АЙВАЗОВСКИЙ Иван
«Продавец лимонада »,images\«Продавец лимонада ».jpg,РЕМНЁВ Андрей,КУИНДЖИ Архип,ДУБОВСКОЙ Николай
Подруги,images\Подруги.jpg,ХАРЛАМОВ Алексей,СТЕПАНОВ Алексей,КРЫЖИЦКИЙ Константин
Тарас Бульба,images\Тарас Бульба.jpg,БУБНОВ Александр,МАКОВСКИЙ Владимир,НЕСТЕРОВ Михаил
Оттепель,images\Оттепель.jpg,КЛЕВЕР Юлий,БРЮЛЛОВ Павел,СУДКОВСКИЙ Руфин
Пахарь ,images\Пахарь .jpg,РЕПИН Илья,ПЕРОВ Василий,ПЛАСТОВ Аркадий
Павлов в операционном зале,images\Павлов в операционном зале.jpg,РЕПИН Илья,ВЕЛЬЦ Иван,СТЕПАНОВ Алексей
Журавли летят,images\Журавли летят.jpg,СТЕПАНОВ Алексей,МАКОВСКИЙ Константин,АНОХИН Николай
Первый снег,images\Первый снег.jpg,ШИШКИН Иван,ОСТРОУХОВ Илья,ГЛАЗУНОВ Иван
В голубом просторе,images\В голубом просторе.jpg,РЫЛОВ Аркадий,НИКИТИН Иван,РЕМНЁВ Андрей
Кто там,images\Кто там.jpg,МАКСИМОВ Василий,КУСТОДИЕВ Борис,ЛЕВИЦКИЙ Дмитрий
Пастушки,images\Пастушки.jpg,МАКОВСКИЙ Владимир,ДУБОВСКОЙ Николай,ТРУТОВСКИЙ Константин
Вечерний звон,images\Вечерний звон.jpg,ЛЕВИТАН Исаак,МЯСОЕДОВ Григорий,АЙВАЗОВСКИЙ Иван
Девушки на берегу,images\Девушки на берегу.jpg,НЕСТЕРОВ Михаил,НИКИТИН Иван,ФИЛИППОВ Константин
Взятие снежного городка,images\Взятие снежного городка.jpg,СУРИКОВ Василий,СЕМИРАДСКИЙ Генрих,ШИЛЬДЕР Андрей
Утро стрелецкой казни,images\Утро стрелецкой казни.jpg,СУРИКОВ Василий,ДУБОВСКОЙ Николай,ИВАНОВ Сергей
Рожь,images\Рожь.jpg,ШИШКИН Иван,СЕМИРАДСКИЙ Генрих,НЕСТЕРОВ Михаил
Колядки в Малороссии,images\Колядки в Малороссии.jpg,ТРУТОВСКИЙ Константин,ФЕДОТОВ Павел,СОКОЛОВ Петр
Февральская лазурь,images\Февральская лазурь.jpg,ГРАБАРЬ Игорь,КУСТОДИЕВ Борис,ГАЛКИН Илья
Женщина в окне . 1841,images\Женщина в окне . 1841.jpg,ТРОПИНИН Василий,ПАВЛОВА Оксана,КЛОДТ Михаил
Портрет Марии Михайловны Во…,images\Портрет Марии Михайловны Во….jpg,МАКОВСКИЙ Константин,АРГУНОВ Николай,КУСТОДИЕВ Борис
Надоела,images\Надоела.jpg,МАКОВСКИЙ Александр,КОНДРАТЕНКО Гавриил,ЯКОБИ Валерий
Завтрак аристократа,images\Завтрак аристократа.jpg,ФЕДОТОВ Павел,БЛИНКОВ Александр,АЛЕКСЕЕВ Фёдор
Кружевница,images\Кружевница.jpg,ТРОПИНИН Василий,ИВАНОВ Сергей,КЛОДТ Михаил
Голубой домик,images\Голубой домик.jpg,КУСТОДИЕВ Борис,ВИЛЛЕВАЛЬДЕ Богдан,КОРЗУХИН Алексей
Среди волн,images\Среди волн.jpg,АЙВАЗОВСКИЙ Иван,ШИЛЬДЕР Андрей,ЛАГОРИО Лев
Озеро горных духов,images\Озеро горных духов.jpg,ГУРКИН Григорий,КУСТОДИЕВ Борис,ШИШКИН Иван
Смотр Черноморского флота в 184…,images\Смотр Черноморского флота в 184….jpg,АЙВАЗОВСКИЙ Иван,МАЗУРОВСКИЙ Виктор,Сорока Григорий
«Завтра будет ветер»,images\«Завтра будет ветер».jpg,РЕМНЁВ Андрей,СОРОКА Григорий,СЕМИРАДСКИЙ Генрих
На Волге. 1922,images\На Волге. 1922.jpg,КУСТОДИЕВ Борис,ВАСНЕЦОВ Аполлинарий,ШИШКИН Иван
Троицын день,images\Троицын день.jpg,СУХОДОЛЬСКИЙ Пётр,ПОЛЕНОВ Василий,ВОЛКОВ Ефим
Старая мельница,images\Старая мельница.jpg,ПОЛЕНОВ Василий,ВЕРЕЩАГИН Василий,ЛАВРОВ Николай
Крещенское водосвятие,images\Крещенское водосвятие.jpg,КУСТОДИЕВ Борис,КИПРЕНСКИЙ Орест,ЛЕВИЦКИЙ Дмитрий
Светлана,images\Светлана.jpg,НОВОСКОЛЬЦЕВ Александр,КЛЕВЕР Юлий,МАКОВСКИЙ Константин
«Распни его»,images\«Распни его».jpg,ГЛАЗУНОВ Иван,ВЕНИГ Карл,РУБО Франц
Болото. Журавли.,images\Болото. Журавли..jpg,ШИШКИН Иван,ИВАНОВ Александр,СЕМИРАДСКИЙ Генрих
Ответа жду,images\Ответа жду.jpg,ИВАНОВ Михаил,РЕПИН Илья,АНОХИН Николай
Портрет Арсения Васильевича Тро…,images\Портрет Арсения Васильевича Тро….jpg,ТРОПИНИН Василий,ВАСИЛЬЕВ Фёдор,АРГУНОВ Иван
Возвращение из города,images\Возвращение из города.jpg,КОРЗУХИН Алексей,КРЫЖИЦКИЙ Константин,БОГДАНОВ-БЕЛЬСКИЙ Николай
Утро в деревне,images\Утро в деревне.jpg,КОШЕЛЕВ Николай,РЕПИН Илья,НЕСТЕРОВ Михаил
Октябрь,images\Октябрь.jpg,ВОЛКОВ Ефим,БЕГГРОВ Александр,ОРЛОВСКИЙ Владимир
Ранняя весна,images\Ранняя весна.jpg,КРЫЖИЦКИЙ Константин,ВИНОГРАДОВ Сергей,АЙВАЗОВСКИЙ Иван
"Казнь Пугачёва. «Прости, народ пр…","images\Казнь Пугачёва. «Прости, народ пр….jpg",МАТОРИН Виктор,ПИМОНЕНКО Николай,БОРОВИКОВСКИЙ Владимир
Волшебство,images\Волшебство.jpg,ОЛЬШАНСКИЙ Борис,ЛЕБЕДЕВ Клавдий,ЛАГОРИО Лев
Борис Карпов,images\Борис Карпов.jpg,Портреты Сталина,СЕРОВ Валентин,Левицкий Дмитрий
В старом доме Ракитиных,images\В старом доме Ракитиных.jpg,АНОХИН Николай,КОРЗУХИН Алексей,АЙВАЗОВСКИЙ Иван
Дубовая роща,images\Дубовая роща.jpg,ШИШКИН Иван,ОЛЬШАНСКИЙ Борис,БРЮЛЛОВ Карл
Хвойный лес. Солнечный день,images\Хвойный лес. Солнечный день.jpg,ШИШКИН Иван,ПАВЛОВА Оксана,КИПРЕНСКИЙ Орест
На террасе,images\На террасе.jpg,КУСТОДИЕВ Борис,САВРАСОВ Алексей,НЕСТЕРОВ Михаил
Озеро в горах,images\Озеро в горах.jpg,КРЫЖИЦКИЙ Константин,ВАСИЛЬКОВСКИЙ Сергей,РУБО Франц
Портрет императрицы Марии Фёдоровн…,images\Портрет императрицы Марии Фёдоровн….jpg,КРАМСКОЙ Иван,СЫЧКОВ Федот,ТРОПИНИН Василий
Март,images\Март.jpg,ЛЕВИТАН Исаак,КАМЕНЕВ Лев,АЙВАЗОВСКИЙ Иван
Обоз в степи,images\Обоз в степи.jpg,АЙВАЗОВСКИЙ Иван,КОНДРАТЕНКО Гавриил,БЕРГГОЛЬЦ Ричард
Тихая обитель,images\Тихая обитель.jpg,ЛЕВИТАН Исаак,МАКОВСКИЙ Константин,ВЕРЕЩАГИН Пётр
Чесменский бой 25-26 июня 1770 …,images\Чесменский бой 25-26 июня 1770 ….jpg,АЙВАЗОВСКИЙ Иван,ПИМОНЕНКО Николай,ГОЛОВИН Александр
Запорожцы.,images\Запорожцы..jpg,РЕПИН Илья,ШИШКИН Иван,ГРУЗИНСКИЙ Пётр
Озеро,images\Озеро.jpg,КРЫЖИЦКИЙ Константин,ЛАГОРИО Лев,ЗАНКОВСКИЙ Илья
У околицы,images\У околицы.jpg,МАКОВСКИЙ Константин,СТЕПАНОВ Алексей,КАМЕНЕВ Лев
Портрет А. С. Пушкина ,images\Портрет А. С. Пушкина .jpg,Тропинин Василий,ТРУТОВСКИЙ Константин,ЛАГОРИО Лев
Начало весны,images\Начало весны.jpg,ЕНДОГУРОВ Иван,ПОПОВ Павел,МАТВЕЕВ Фёдор
Поединок Пересвета с Челубеем на К…,images\Поединок Пересвета с Челубеем на К….jpg,АВИЛОВ Михаил,СУХОДОЛЬСКИЙ Пётр,КОЦЕБУ Александр
Зимний пейзаж с церковью. 19…,images\Зимний пейзаж с церковью. 19….jpg,ГОРБАТОВ Константин,БОРОВИКОВСКИЙ Владимир,НЕСТЕРОВ Михаил
Дождь в дубовом лесу,images\Дождь в дубовом лесу.jpg,ШИШКИН Иван,ГОРБАТОВ Константин,Портреты Сталина
Опасный урок,images\Опасный урок.jpg,СЕМИРАДСКИЙ Генрих,ЖУКОВСКИЙ Станислав,ШАНЬКОВ Михаил
Пейзаж с церковью,images\Пейзаж с церковью.jpg,МАКОВСКИЙ Александр,ПУРВИТ Вильгельм,АЙВАЗОВСКИЙ Иван
Страдная пора ,images\Страдная пора .jpg,МЯСОЕДОВ Григорий,МАКОВСКИЙ Владимир,ОРЛОВСКИЙ Владимир
Портрет девочки,images\Портрет девочки.jpg,МАКАРОВ Иван,МАТОРИН Виктор,ШИШКИН Иван
Украинский пейзаж,images\Украинский пейзаж.jpg,ВАСИЛЬКОВСКИЙ Сергей,ПАВЛОВА Оксана,ГОРБАТОВ Константин
Ночь на Ивана-Купалу,images\Ночь на Ивана-Купалу.jpg,СОКОЛОВ Иван,ШИШКИН Иван,КИВШЕНКО Алексей
Дама в голубом ГТГ,images\Дама в голубом ГТГ.jpg,Сомов Константин,БОГДАНОВ-БЕЛЬСКИЙ Николай,КУСТОДИЕВ Борис
Фавн Марсий учит молодого Олимпия игр…,images\Фавн Марсий учит молодого Олимпия игр….jpg,БАСИН Пётр,КУИНДЖИ Архип,МЕЩЕРСКИЙ Арсений
Дорога,images\Дорога.jpg,КРЫЖИЦКИЙ Константин,ВЕРЕЩАГИН Пётр,РЕПИН Илья
Портрет Мусоргского,images\Портрет Мусоргского.jpg,РЕПИН Илья,ЛЕВИЦКИЙ Дмитрий,БРЮЛЛОВ Павел
Первенец. 1888,images\Первенец. 1888.jpg,ПЕЛЕВИН Иван,ИВАНОВ Александр,ВЕРЕЩАГИН Василий
"Дуб, разбитый молнией","images\Дуб, разбитый молнией.jpg",ВОРОБЬЕВ Максим,КЛЕВЕР Юлий,ГЛАЗУНОВ Иван
«У небесного причала»,images\«У небесного причала».jpg,ОЛЬШАНСКИЙ Борис,ТРУТОВСКИЙ Константин,НЕСТЕРОВ Михаил
18 октября 1905 года,images\18 октября 1905 года.jpg,РЕПИН Илья,АЙВАЗОВСКИЙ Иван,АРГУНОВ Иван
М. И. Глинка в период сочинения оперы…,images\М. И. Глинка в период сочинения оперы….jpg,РЕПИН Илья,ПОЛЕНОВ Василий,ВАСНЕЦОВ Аполлинарий
Весёлая минутка,images\Весёлая минутка.jpg,РЖЕВСКАЯ Антонина,ОСТРОУХОВ Илья,ВОЛКОВ Ефим
После побоища Игоря Святославича…,images\После побоища Игоря Святославича….jpg,ВАСНЕЦОВ Виктор,СОКОЛОВ Иван,КАМЕНЕВ Лев
Ранний снег,images\Ранний снег.jpg,ПОЛЕНОВ Василий,КУИНДЖИ Архип,ПУКИРЕВ Василий
Мокрый луг,images\Мокрый луг.jpg,ВАСИЛЬЕВ Фёдор,МАТОРИН Виктор,АЙВАЗОВСКИЙ Иван
Жёлтые розы,images\Жёлтые розы.jpg,ВРУБЕЛЬ Михаил,КЛОДТ Михаил,КАЗАНЦЕВ Владимир
Радуга,images\Радуга.jpg,АЙВАЗОВСКИЙ Иван,КУСТОДИЕВ Борис,КОЦЕБУ Александр
Видение отроку Варфоломею,images\Видение отроку Варфоломею.jpg,НЕСТЕРОВ Михаил,СЕМИРАДСКИЙ Генрих,МАКСИМОВ Алексей
Изгнание поляков из Кремля,images\Изгнание поляков из Кремля.jpg,ЛИССНЕР Эрнст,САВРАСОВ Алексей,ПЕРОВ Василий
Пасечник,images\Пасечник.jpg,БОГАТОВ Николай,ГИНЕ Александр,РУБО Франц
Побеждённые. Панихида,images\Побеждённые. Панихида.jpg,ВЕРЕЩАГИН Василий,САВРАСОВ Алексей,ВЕНЕЦИАНОВ Алексей
Речка в полдень,images\Речка в полдень.jpg,ОСТРОУХОВ Илья,СЕМИРАДСКИЙ Генрих,МЕЩЕРСКИЙ Арсений
Воины Апокалипсиса,images\Воины Апокалипсиса.jpg,ВАСНЕЦОВ Виктор,ВОЛКОВ Ефим,ПАВЛОВА Оксана
В горах Кавказа,images\В горах Кавказа.jpg,ЛАГОРИО Лев,ПИМОНЕНКО Николай,ОЛЬШАНСКИЙ Борис
В церкви,images\В церкви.jpg,БОГДАНОВ-БЕЛЬСКИЙ Николай,СЕРГЕЕВ Николай,СОКОЛОВ Владимир
Чарка мёду,images\Чарка мёду.jpg,МАКОВСКИЙ Константин,ЧИСТЯКОВ Павел,АРХИПОВ Абрам
В отпуску,images\В отпуску.jpg,КУЗНЕЦОВ Николай,БОРОВИКОВСКИЙ Владимир,ВАСИЛЬКОВСКИЙ Сергей
Зимний пейзаж с избушкой. 1,images\Зимний пейзаж с избушкой. 1.jpg,КЛЕВЕР Юлий,ВАСИЛЬЕВ Фёдор,ОРЛОВСКИЙ Владимир
В сельской школе,images\В сельской школе.jpg,МАКОВСКИЙ Владимир,КУСТОДИЕВ Борис,РУБО Франц
Ночью в степи,images\Ночью в степи.jpg,СЕРГЕЕВ Николай,ЛЕБЕДЕВ Клавдий,СОРОКА Григорий
Ночное,images\Ночное.jpg,КУИНДЖИ Архип,ЛЕВИТАН Исаак,ВАСНЕЦОВ Аполлинарий
Хождение по водам,images\Хождение по водам.jpg,АЙВАЗОВСКИЙ Иван,КАМЕНЕВ Лев,ВАСНЕЦОВ Аполлинарий
Поцелуйный обряд,images\Поцелуйный обряд.jpg,МАКОВСКИЙ Константин,Кипренский Орест,ЛИТОВЧЕНКО Александр
Пейзаж с прудом,images\Пейзаж с прудом.jpg,ВОЛКОВ Ефим,БРЮЛЛОВ Карл,АРГУНОВ Иван
Деревня на острове Нарген,images\Деревня на острове Нарген.jpg,КЛЕВЕР Юлий,ВАСИЛЬЕВ Фёдор,БРЮЛЛОВ Карл
Апостол Павел объясняет догматы …,images\Апостол Павел объясняет догматы ….jpg,СУРИКОВ Василий,ВАСНЕЦОВ Аполлинарий,ГОРЮШКИН-СОРОКОПУДОВ Иван
Летний день,images\Летний день.jpg,ОРЛОВСКИЙ Владимир,ВЛАДИМИРОВ Иван,КРАМСКОЙ Иван
Океан,images\Океан.jpg,АЙВАЗОВСКИЙ Иван,КРЫЖИЦКИЙ Константин,КРЫЖИЦКИЙ Константин
Крестьянские дети,images\Крестьянские дети.jpg,МАКОВСКИЙ Владимир,МАКСИМОВ Василий,КУСТОДИЕВ Борис
Ручей в берёзовом лесу,images\Ручей в берёзовом лесу.jpg,ШИШКИН Иван,СЕМИРАДСКИЙ Генрих,АЙВАЗОВСКИЙ Иван
Опричники,images\Опричники.jpg,НЕВРЕВ Николай,АНОХИН Николай,АРХИПОВ Абрам
Заросший пруд,images\Заросший пруд.jpg,ПОЛЕНОВ Василий,ВАСНЕЦОВ Аполлинарий,ЛАГОРИО Лев
Воскресное чтение в се…,images\Воскресное чтение в се….jpg,БОГДАНОВ-БЕЛЬСКИЙ Николай,ВЕРЕЩАГИН Василий,ЛАДЮРНЕР Адольф
Портрет Петра I в рыцарских доспе…,images\Портрет Петра I в рыцарских доспе….jpg,НАТЬЕ Жан Марк,КУЛИКОВ Иван,ШАРЛЕМАНЬ Адольф
Притихло,images\Притихло.jpg,ДУБОВСКОЙ Николай,МАКОВСКИЙ Константин,ЭРИКСЕН Вигилиус
Ярмарка,images\Ярмарка.jpg,КУЛИКОВ Иван,МЕНК Владимир,РЕПИН Илья
После удачи,images\После удачи.jpg,ВЕРЕЩАГИН Василий,МЕЩЕРСКИЙ Арсений,ШИШКИН Иван
Семь хлебов,images\Семь хлебов.jpg,МАТОРИН Виктор,ВАСНЕЦОВ Аполлинарий,ВЕРЕЩАГИН Пётр
Утро на Куликовом поле,images\Утро на Куликовом поле.jpg,БУБНОВ Александр,ВЕРЕЩАГИН Василий,НЕСТЕРОВ Михаил
Баян,images\Баян.jpg,ВАСНЕЦОВ Виктор,МАЗУРОВСКИЙ Виктор,ГОРБАТОВ Константин
Яблони в цвету. В Малороссии,images\Яблони в цвету. В Малороссии.jpg,СЕРГЕЕВ Николай,Фёдор Решетников,КУСТОДИЕВ Борис
Москва. 1812,images\Москва. 1812.jpg,ВЕРЕЩАГИН Василий,БЕРГГОЛЬЦ Ричард,ЛЕВИЦКИЙ Дмитрий
Авель Левитан,images\Авель Левитан.jpg,Портреты Сталина,КЛОДТ Михаил,МАТОРИН Виктор
Гитарист. 1823,images\Гитарист. 1823.jpg,ТРОПИНИН Василий,ЛИТОВЧЕНКО Александр,БОРОВИКОВСКИЙ Владимир
У лесного озера,images\У лесного озера.jpg,МЕЩЕРСКИЙ Арсений,СЕМИРАДСКИЙ Генрих,ВАСИЛЬЕВ Фёдор
Переход Суворова через Альпы в 1…,images\Переход Суворова через Альпы в 1….jpg,СУРИКОВ Василий,ВЕРЕЩАГИН Василий,ВАСНЕЦОВ Аполлинарий
Блудный сын,images\Блудный сын.jpg,ЛОСЕВ Николай,ОРЛОВСКИЙ Владимир,ВАСНЕЦОВ Аполлинарий
Хутор в Малороссии,images\Хутор в Малороссии.jpg,КРЫЖИЦКИЙ Константин,СЕМИРАДСКИЙ Генрих,ГОРБАТОВ Константин
Боярский свадебный пир в XV…,images\Боярский свадебный пир в XV….jpg,МАКОВСКИЙ Константин,БОРОВИКОВСКИЙ Владимир,ГОРЮШКИН-СОРОКОПУДОВ Иван
Рыбачки,images\Рыбачки.jpg,МАКОВСКИЙ Владимир,СВЕРЧКОВ Николай,ГРИБКОВ Сергей
Радость праведных о Господе,images\Радость праведных о Господе.jpg,ВАСНЕЦОВ Виктор,КРАМСКОЙ Иван,КРАМСКОЙ Иван
Зимний пейзаж,images\Зимний пейзаж.jpg,САВРАСОВ Алексей,ТРУТОВСКИЙ Константин,Портреты Сталина
Задонщина,images\Задонщина.jpg,МАТОРИН Виктор,ШИШКИН Иван,ПАВЛОВА Оксана
Закат солнца зимой. 1,images\Закат солнца зимой. 1.jpg,КЛЕВЕР Юлий,ЯКОБИ Валерий,РЕПИН Илья
Портрет Николая II,images\Портрет Николая II.jpg,СЕРОВ Валентин,ПЕРОВ Василий,ШИШКИН Иван
Красавица. 1918,images\Красавица. 1918.jpg,КУСТОДИЕВ Борис,БРЮЛЛОВ Карл,ЩУКИН Степан
К родным,images\К родным.jpg,ПАСТЕРНАК Леонид,ВОЛКОВ Ефим,МАЗУРОВСКИЙ Виктор
Крестьянский обед в поле,images\Крестьянский обед в поле.jpg,МАКОВСКИЙ Константин,ГОРБАТОВ Константин,ОЛЬШАНСКИЙ Борис
Зимний пейзаж с рекой и домами,images\Зимний пейзаж с рекой и домами.jpg,КЛЕВЕР Юлий,ДОБРОВОЛЬСКИЙ Николай,РЕПИН Илья
Овраг,images\Овраг.jpg,ШИЛЬДЕР Андрей,КАПКОВ Яков,АРГУНОВ Николай
Всадники ,images\Всадники .jpg,БРЮЛЛОВ Карл,КОРОВИН Петр,ВЕРЕЩАГИН Пётр
Навеки с русским народом,images\Навеки с русским народом.jpg,ХМЕЛЬКО Михаил,СЛАСТИОН Афанасий,ЕНДОГУРОВ Иван
Бриг «Меркурий» после победы на…,images\Бриг «Меркурий» после победы на….jpg,АЙВАЗОВСКИЙ Иван,ВЕНЕЦИАНОВ Алексей,КАЗАНЦЕВ Владимир
У родника,images\У родника.jpg,МЕЩЕРСКИЙ Арсений,ВЕРЕЩАГИН Василий,КАРАЗИН Николай
Ручей в лесу,images\Ручей в лесу.jpg,ШИШКИН Иван,МАКОВСКИЙ Константин,Портреты Сталина
Портрет графини Юлии Павловны Самой…,images\Портрет графини Юлии Павловны Самой….jpg,БРЮЛЛОВ Карл,ШИШКИН Иван,БРЮЛЛОВ Карл
Грешница,images\Грешница.jpg,СЕМИРАДСКИЙ Генрих,КОЦЕБУ Александр,ЛАГОРИО Лев
Устный счёт. В народно…,images\Устный счёт. В народно….jpg,БОГДАНОВ-БЕЛЬСКИЙ Николай,НЕСТЕРОВ Михаил,МАКОВСКИЙ Александр
Иней,images\Иней.jpg,ВЕЛЬЦ Иван,ВЕРЕЩАГИН Василий,ОРЛОВСКИЙ Владимир
Первый снег на Двине,images\Первый снег на Двине.jpg,ГЛАЗУНОВ Иван,ЛЕВИЦКИЙ Дмитрий,Портреты Сталина
Лисичка,images\Лисичка.jpg,НЕСТЕРОВ Михаил,РЫЛОВ Аркадий,БАЖАНОВ Пётр
Запорожец на посту,images\Запорожец на посту.jpg,ВАСИЛЬКОВСКИЙ Сергей,ХУДЯКОВ Василий,ВАСНЕЦОВ Аполлинарий
Поединок,images\Поединок.jpg,КРИВОНОГОВ Пётр,ВАСНЕЦОВ Аполлинарий,ЕГОРНОВ Сергей
Зима в Борисоглебске,images\Зима в Борисоглебске.jpg,БОГОЛЮБОВ Алексей,СЕРОВ Валентин,МАКАРОВ Иван
"«Свежий кавалер». Утро чиновника, …","images\«Свежий кавалер». Утро чиновника, ….jpg",ФЕДОТОВ Павел,ШИШКИН Иван,ПЛЕШАНОВ Павел
Свежий ветер. Волга,images\Свежий ветер. Волга.jpg,ЛЕВИТАН Исаак,ГОЛОВИН Александр,Боровиковский Владимир
Золотошвейка. 1826,images\Золотошвейка. 1826.jpg,ТРОПИНИН Василий,ДОУ Джордж,КИВШЕНКО Алексей
Осенний пейзаж,images\Осенний пейзаж.jpg,ЛЕВИТАН Исаак,НЕСТЕРОВ Михаил,КИПРЕНСКИЙ Орест
Пейзаж,images\Пейзаж.jpg,ОРЛОВСКИЙ Владимир,КРЫЖИЦКИЙ Константин,КОРИН Алексей
Спор о вере,images\Спор о вере.jpg,ПЕРОВ Василий,Портреты Сталина,АРГУНОВ Иван
Всехсвятский каменный мост.…,images\Всехсвятский каменный мост.….jpg,ВАСНЕЦОВ Аполлинарий,Фёдор Решетников,ИВАНОВ Александр
Святочное гадание,images\Святочное гадание.jpg,МАКОВСКИЙ Константин,ЛАГОРИО Лев,АНОХИН Николай
Болото в лесу. Осень,images\Болото в лесу. Осень.jpg,ВАСИЛЬЕВ Фёдор,ЛЕВИЦКИЙ Дмитрий,ГОРБАТОВ Константин
Охота на медведя,images\Охота на медведя.jpg,СВЕРЧКОВ Николай,ВАСИЛЬКОВСКИЙ Сергей,ГРООТ Георг
Цветы на фортепиано,images\Цветы на фортепиано.jpg,АНОХИН Николай,ПИМОНЕНКО Николай,НЕСТЕРОВ Михаил
Радость праведных о Господе ,images\Радость праведных о Господе .jpg,ВАСНЕЦОВ Виктор,НЕСТЕРОВ Михаил,Портреты Сталина
Лунная ночь на реке,images\Лунная ночь на реке.jpg,КАМЕНЕВ Лев,РОКОТОВ Фёдор,КРАМСКОЙ Иван
Начало зимы,images\Начало зимы.jpg,ВЕЛЬЦ Иван,БЕРГГОЛЬЦ Ричард,ЛЕВИЦКИЙ Дмитрий
Сваты,images\Сваты.jpg,ПИМОНЕНКО Николай,ВОЛКОВ Ефим,НЕФФ Тимофей
Осада Троице-Сергиевой лавры,images\Осада Троице-Сергиевой лавры.jpg,ВЕРЕЩАГИН Василий,КОЦЕБУ Александр,ОРЛОВСКИЙ Владимир
Портрет Екатерины Семёновны Сем…,images\Портрет Екатерины Семёновны Сем….jpg,КИПРЕНСКИЙ Орест,КУСТОДИЕВ Борис,БРЮЛЛОВ Карл
Портрет императрицы Елизаветы Петр…,images\Портрет императрицы Елизаветы Петр….jpg,ВИШНЯКОВ Иван,РЕМНЁВ Андрей,ВАСНЕЦОВ Аполлинарий
Старая Москва,images\Старая Москва.jpg,ЮОН Константин,ЛАГОРИО Лев,КАМЕНЕВ Лев
Боярыня у окна,images\Боярыня у окна.jpg,МАКОВСКИЙ Константин,НЕВРЕВ Николай,КОВАЛЕВСКИЙ Павел
Тайная вечеря,images\Тайная вечеря.jpg,ПОПОВ Павел,АНОХИН Николай,МАКОВСКИЙ Константин
Пасека в лесу,images\Пасека в лесу.jpg,ШИШКИН Иван,НЕМЕНСКИЙ Борис,ПЕРОВ Василий
Полтавщина,images\Полтавщина.jpg,ВАСИЛЬКОВСКИЙ Сергей,НИЛУС Пётр,Портреты Сталина
Портрет художника Ивана Ивановича …,images\Портрет художника Ивана Ивановича ….jpg,КРАМСКОЙ Иван,САВРАСОВ Алексей,СВЕРЧКОВ Николай
Портрет А. В. Суворова,images\Портрет А. В. Суворова.jpg,ШТЕЙБЕН Карл,БЕГГРОВ Александр,БЕГГРОВ Александр
Красная площадь,images\Красная площадь.jpg,ВАСНЕЦОВ Аполлинарий,ГОРБАТОВ Константин,КАРАЗИН Николай
Зимним вечером,images\Зимним вечером.jpg,КУЛИКОВ Иван,ЛАГОРИО Лев,КАРАЗИН Николай
Берендеи,images\Берендеи.jpg,ОЛЬШАНСКИЙ Борис,ЛЕВИТАН Исаак,КОРИН Павел
Возвращение с ярмарки,images\Возвращение с ярмарки.jpg,РЯБУШКИН Андрей,БОРОВИКОВСКИЙ Владимир,КРАЧКОВСКИЙ Иосиф
Северная идиллия,images\Северная идиллия.jpg,КОРОВИН Константин,ЛЕВИЦКИЙ Дмитрий,ЛАГОРИО Лев
Жница,images\Жница.jpg,МАКОВСКИЙ Константин,РЕЙХЕЛЬ Карл,НЕСТЕРОВ Михаил
Похороны знатного руса,images\Похороны знатного руса.jpg,СЕМИРАДСКИЙ Генрих,АРХИПОВ Абрам,НЕСТЕРОВ Михаил
Лес зимой,images\Лес зимой.jpg,КРЫЖИЦКИЙ Константин,ДУБОВСКОЙ Николай,Портреты Сталина
Портрет императрицы Марии Ф…,images\Портрет императрицы Марии Ф….jpg,МАКОВСКИЙ Константин,ДМИТРИЕВ-ОРЕНБУРГСКИЙ Николай,КОВАЛЕВСКИЙ Павел
Зимний вечер,images\Зимний вечер.jpg,МЕЩЕРСКИЙ Арсений,СОКОЛОВ Иван,ЛАГОРИО Лев
Городской пейзаж,images\Городской пейзаж.jpg,ГОРБАТОВ Константин,ГЛАЗУНОВ Илья,АНОХИН Николай
За грибами,images\За грибами.jpg,ШИШКИН Иван,КРАМСКОЙ Иван,АНТРОПОВ Алексей
Море. Парусники,images\Море. Парусники.jpg,ДУБОВСКОЙ Николай,РЕПИН Илья,БОГОЛЮБОВ Алексей
